{
  "version": "v1",
  "run_id": "20260307T105458Z_0743f96_throughput-http",
  "suite": "throughput-http",
  "target_id": "drizzle-rs-sqlite",
  "group": "drizzle-rs",
  "primary": {
    "rps": {
      "avg": 595.178320659035,
      "peak": 612.7869635371613
    },
    "latency": {
      "avg": 1.6790542013422818,
      "p90": 5.064943536912752,
      "p95": 5.2530485,
      "p99": 5.8923385,
      "p999": 6.811122999999999
    },
    "cpu": {
      "avg": 4.908803775740994,
      "peak": 7.5963051319122314
    },
    "err": 0.0
  },
  "spread": {
    "trials": 5,
    "aggregate": "median",
    "rps": {
      "min": 562.2278869786691,
      "max": 612.7869635371613
    },
    "p95": {
      "min": 5.1450415,
      "max": 5.756142
    },
    "ci95": {
      "rps": {
        "min": 562.2278869786691,
        "max": 612.7869635371613
      },
      "p95": {
        "min": 5.1450415,
        "max": 5.756142
      }
    }
  },
  "saturation": {
    "knee_rps": 612.7869635371613,
    "knee_p95": 5.1450415
  }
}