{
  "version": "v1",
  "run_id": "20260306T095109Z_749baad_throughput-http",
  "suite": "throughput-http",
  "target_id": "drizzle-rs-pg-sync",
  "primary": {
    "rps": {
      "avg": 230.6380039465177,
      "peak": 230.6380039465177
    },
    "latency": {
      "avg": 4.334340525638154,
      "p90": 7.722479999999999,
      "p95": 8.393999999999998,
      "p99": 8.67315,
      "p999": 9.045
    },
    "cpu": {
      "avg": 14.843795643912422,
      "peak": 20.669998168945312
    },
    "err": 0.0
  },
  "spread": {
    "trials": 1,
    "aggregate": "median",
    "rps": {
      "min": 230.6380039465177,
      "max": 230.6380039465177
    },
    "p95": {
      "min": 8.393999999999998,
      "max": 8.393999999999998
    }
  },
  "saturation": {
    "knee_rps": 230.6380039465177,
    "knee_p95": 8.393999999999998
  }
}