{
  "version": "v1",
  "run_id": "20260306T031436Z_749baad_throughput-http",
  "suite": "throughput-http",
  "target_id": "drizzle-rs-pg-tokio",
  "primary": {
    "rps": {
      "avg": 2075.0,
      "peak": 2563.0
    },
    "latency": {
      "avg": 56.06999999999971,
      "p90": 67.54640000000008,
      "p95": 73.42000000000007,
      "p99": 87.63000000000011,
      "p999": 92.63000000000012
    },
    "cpu": {
      "avg": 45.89749999999992,
      "peak": 63.98999999999978
    },
    "err": 0.005
  },
  "spread": {
    "trials": 5,
    "aggregate": "median",
    "rps": {
      "min": 1834.0,
      "max": 2563.0
    },
    "p95": {
      "min": 43.75999999999999,
      "max": 102.91999999999962
    },
    "ci95": {
      "rps": {
        "min": 1834.0,
        "max": 2563.0
      },
      "p95": {
        "min": 43.75999999999999,
        "max": 102.91999999999962
      }
    }
  },
  "saturation": {
    "knee_rps": 2417.0,
    "knee_p95": 73.42000000000007
  }
}