{
  "version": "v1",
  "run_id": "20260307T111938Z_0743f96_throughput-http",
  "suite": "throughput-http",
  "target_id": "drizzle-rs-sqlite",
  "group": "drizzle-rs",
  "primary": {
    "rps": {
      "avg": 654.4730114623109,
      "peak": 662.2264933921291
    },
    "latency": {
      "avg": 1.521315257621953,
      "p90": 4.8971140108054225,
      "p95": 5.085089,
      "p99": 5.445098,
      "p999": 6.269837
    },
    "cpu": {
      "avg": 4.602345079100795,
      "peak": 6.813808783888817
    },
    "mem": {
      "avg": 23.9140625,
      "peak": 24.140625
    },
    "err": 0.0
  },
  "spread": {
    "trials": 5,
    "aggregate": "median",
    "rps": {
      "min": 646.5532244205419,
      "max": 662.2264933921291
    },
    "p95": {
      "min": 5.061037499999999,
      "max": 5.1399930000000005
    },
    "ci95": {
      "rps": {
        "min": 646.5532244205419,
        "max": 662.2264933921291
      },
      "p95": {
        "min": 5.061037499999999,
        "max": 5.1399930000000005
      }
    }
  },
  "saturation": {
    "knee_rps": 662.2264933921291,
    "knee_p95": 5.061037499999999
  }
}