{
  "version": "v1",
  "run_id": "20260307T085652Z_0743f96_throughput-http",
  "suite": "throughput-http",
  "target_id": "spacetime-pgwire-rs",
  "group": "spacetimedb",
  "primary": {
    "rps": {
      "avg": 1324.9002665431703,
      "peak": 1353.331110575362
    },
    "latency": {
      "avg": 0.7909436720354266,
      "p90": 0.9829604037913382,
      "p95": 0.993628,
      "p99": 1.1457755,
      "p999": 1.258826
    },
    "cpu": {
      "avg": 5.36846489260594,
      "peak": 8.075477371613184
    },
    "err": 0.5
  },
  "spread": {
    "trials": 5,
    "aggregate": "median",
    "rps": {
      "min": 519.4030413919952,
      "max": 1353.331110575362
    },
    "p95": {
      "min": 0.9456880000000001,
      "max": 5.621855999999999
    },
    "ci95": {
      "rps": {
        "min": 519.4030413919952,
        "max": 1353.331110575362
      },
      "p95": {
        "min": 0.9456880000000001,
        "max": 5.621855999999999
      }
    }
  },
  "saturation": {
    "knee_rps": 1353.331110575362,
    "knee_p95": 0.9456880000000001
  }
}