{
  "version": "v1",
  "run_id": "20260307T042220Z_0743f96_throughput-http",
  "suite": "throughput-http",
  "target_id": "drizzle-rs-pg-tokio",
  "group": "drizzle-rs",
  "primary": {
    "rps": {
      "avg": 225.7944320161509,
      "peak": 228.51998494832657
    },
    "latency": {
      "avg": 4.426920665719916,
      "p90": 8.166612824511574,
      "p95": 8.3743735,
      "p99": 9.0202945,
      "p999": 9.6136835
    },
    "cpu": {
      "avg": 5.736691944632264,
      "peak": 12.137039522329966
    },
    "err": 0.0
  },
  "spread": {
    "trials": 5,
    "aggregate": "median",
    "rps": {
      "min": 221.63629980608403,
      "max": 228.51998494832657
    },
    "p95": {
      "min": 8.183383500000001,
      "max": 8.4209305
    },
    "ci95": {
      "rps": {
        "min": 221.63629980608403,
        "max": 228.51998494832657
      },
      "p95": {
        "min": 8.183383500000001,
        "max": 8.4209305
      }
    }
  },
  "saturation": {
    "knee_rps": 221.71688542190503,
    "knee_p95": 8.4209305
  }
}