{
  "version": "v1",
  "run_id": "20260306T101154Z_749baad_throughput-http",
  "suite": "throughput-http",
  "target_id": "drizzle-rs-pg-sync",
  "primary": {
    "rps": {
      "avg": 230.25284128776946,
      "peak": 230.25284128776946
    },
    "latency": {
      "avg": 4.341800060643379,
      "p90": 7.6943280000000005,
      "p95": 8.3634,
      "p99": 8.596599999999999,
      "p999": 8.9093
    },
    "cpu": {
      "avg": 13.250068367852107,
      "peak": 18.214177290598553
    },
    "err": 0.0
  },
  "spread": {
    "trials": 1,
    "aggregate": "median",
    "rps": {
      "min": 230.25284128776946,
      "max": 230.25284128776946
    },
    "p95": {
      "min": 8.3634,
      "max": 8.3634
    }
  },
  "saturation": {
    "knee_rps": 230.25284128776946,
    "knee_p95": 8.3634
  }
}