{
  "version": "v1",
  "run_id": "20260306T095245Z_749baad_throughput-http",
  "suite": "throughput-http",
  "target_id": "drizzle-rs-sqlite",
  "primary": {
    "rps": {
      "avg": 554.4850281966222,
      "peak": 554.4850281966222
    },
    "latency": {
      "avg": 1.8026460633468102,
      "p90": 4.164334000000001,
      "p95": 4.5264500000000005,
      "p99": 4.69315,
      "p999": 4.962149999999999
    },
    "cpu": {
      "avg": 12.301099443435671,
      "peak": 17.446460564931233
    },
    "err": 0.0
  },
  "spread": {
    "trials": 1,
    "aggregate": "median",
    "rps": {
      "min": 554.4850281966222,
      "max": 554.4850281966222
    },
    "p95": {
      "min": 4.5264500000000005,
      "max": 4.5264500000000005
    }
  },
  "saturation": {
    "knee_rps": 554.4850281966222,
    "knee_p95": 4.5264500000000005
  }
}