{
  "version": "v1",
  "run_id": "20260307T112906Z_0743f96_throughput-http",
  "suite": "throughput-http",
  "target_id": "drizzle-rs-sqlite",
  "group": "drizzle-rs",
  "primary": {
    "rps": {
      "avg": 2110.486765595694,
      "peak": 2133.104131223984
    },
    "latency": {
      "avg": 3.7772864539497943,
      "p90": 6.606247821781971,
      "p95": 6.7647925,
      "p99": 7.6677315,
      "p999": 9.6274345
    },
    "cpu": {
      "avg": 8.993079797675211,
      "peak": 11.27240120867888
    },
    "mem": {
      "avg": 24.890625,
      "peak": 25.078125
    },
    "err": 0.0
  },
  "spread": {
    "trials": 5,
    "aggregate": "median",
    "rps": {
      "min": 2009.9686033855892,
      "max": 2133.104131223984
    },
    "p95": {
      "min": 6.726974,
      "max": 7.308434999999999
    },
    "ci95": {
      "rps": {
        "min": 2009.9686033855892,
        "max": 2133.104131223984
      },
      "p95": {
        "min": 6.726974,
        "max": 7.308434999999999
      }
    }
  },
  "saturation": {
    "knee_rps": 2133.104131223984,
    "knee_p95": 6.726974
  }
}