{
  "version": "v1",
  "run_id": "20260307T042209Z_0743f96_throughput-http",
  "suite": "throughput-http",
  "target_id": "drizzle-rs-turso",
  "group": "drizzle-rs",
  "primary": {
    "rps": {
      "avg": 251.36805918419728,
      "peak": 255.85691751641588
    },
    "latency": {
      "avg": 3.976291145868906,
      "p90": 12.951287586624678,
      "p95": 13.4498985,
      "p99": 14.768798,
      "p999": 16.823137
    },
    "cpu": {
      "avg": 8.723900129728845,
      "peak": 11.924658035238584
    },
    "err": 0.0
  },
  "spread": {
    "trials": 5,
    "aggregate": "median",
    "rps": {
      "min": 236.71193606226484,
      "max": 255.85691751641588
    },
    "p95": {
      "min": 13.185149500000001,
      "max": 15.300641500000001
    },
    "ci95": {
      "rps": {
        "min": 236.71193606226484,
        "max": 255.85691751641588
      },
      "p95": {
        "min": 13.185149500000001,
        "max": 15.300641500000001
      }
    }
  },
  "saturation": {
    "knee_rps": 255.85691751641588,
    "knee_p95": 13.185149500000001
  }
}