{
  "version": "v1",
  "run_id": "20260305T232707Z_749baad_throughput-http",
  "suite": "throughput-http",
  "target_id": "drizzle-rs-pg-sync",
  "primary": {
    "rps": {
      "avg": 2356.0,
      "peak": 2356.0
    },
    "latency": {
      "avg": 77.82999999999993,
      "p90": 83.61879999999947,
      "p95": 90.88999999999942,
      "p99": 103.93000000000028,
      "p999": 108.93000000000028
    },
    "cpu": {
      "avg": 45.227499999999964,
      "peak": 58.88999999999942
    },
    "err": 0.008
  },
  "spread": {
    "trials": 1,
    "aggregate": "median",
    "rps": {
      "min": 2356.0,
      "max": 2356.0
    },
    "p95": {
      "min": 90.88999999999942,
      "max": 90.88999999999942
    }
  },
  "saturation": {
    "knee_rps": 2356.0,
    "knee_p95": 90.88999999999942
  }
}