{
  "version": "v1",
  "run_id": "20260307T102846Z_0743f96_throughput-http",
  "suite": "throughput-http",
  "target_id": "drizzle-rs-sqlite",
  "group": "drizzle-rs",
  "primary": {
    "rps": {
      "avg": 536.5419085054423,
      "peak": 615.0879308563133
    },
    "latency": {
      "avg": 1.8623010984176331,
      "p90": 5.744898636758822,
      "p95": 5.9605985,
      "p99": 7.7844875,
      "p999": 9.247196500000001
    },
    "cpu": {
      "avg": 9.494802181339926,
      "peak": 96.85827191670735
    },
    "err": 0.0
  },
  "spread": {
    "trials": 5,
    "aggregate": "median",
    "rps": {
      "min": 230.73150872519773,
      "max": 615.0879308563133
    },
    "p95": {
      "min": 5.1363585,
      "max": 15.4811405
    },
    "ci95": {
      "rps": {
        "min": 230.73150872519773,
        "max": 615.0879308563133
      },
      "p95": {
        "min": 5.1363585,
        "max": 15.4811405
      }
    }
  },
  "saturation": {
    "knee_rps": 615.0879308563133,
    "knee_p95": 5.1363585
  }
}