{
  "version": "v1",
  "run_id": "20260308T084253Z_0743f96_throughput-http",
  "suite": "throughput-http",
  "target_id": "drizzle-rs-sqlite",
  "group": "drizzle-rs",
  "primary": {
    "rps": {
      "avg": 433.42976666588186,
      "peak": 433.42976666588186
    },
    "latency": {
      "avg": 3692.319809196023,
      "p90": 6857.3053215366335,
      "p95": 7033.137850000001,
      "p99": 7370.59065,
      "p999": 7576.3732
    },
    "cpu": {
      "avg": 41.58865885594314,
      "peak": 100.0
    },
    "mem": {
      "avg": 560.640625,
      "peak": 560.640625
    },
    "err": 0.0
  },
  "spread": {
    "trials": 1,
    "aggregate": "median",
    "rps": {
      "min": 433.42976666588186,
      "max": 433.42976666588186
    },
    "p95": {
      "min": 7033.137850000001,
      "max": 7033.137850000001
    }
  },
  "saturation": {
    "knee_rps": 433.42976666588186,
    "knee_p95": 7033.137850000001
  }
}