{
  "version": "v1",
  "run_id": "20260306T090227Z_749baad_throughput-http",
  "suite": "throughput-http",
  "target_id": "drizzle-rs-pg-sync",
  "primary": {
    "rps": {
      "avg": 2008.5,
      "peak": 2261.5
    },
    "latency": {
      "avg": 55.50500000000011,
      "p90": 76.69580000000016,
      "p95": 83.36500000000018,
      "p99": 97.67000000000019,
      "p999": 103.67000000000019
    },
    "cpu": {
      "avg": 47.61468749999998,
      "peak": 58.844999999999956
    },
    "err": 0.0056
  },
  "spread": {
    "trials": 5,
    "aggregate": "median",
    "rps": {
      "min": 1922.0,
      "max": 2261.5
    },
    "p95": {
      "min": 77.25499999999982,
      "max": 88.55500000000035
    },
    "ci95": {
      "rps": {
        "min": 1922.0,
        "max": 2261.5
      },
      "p95": {
        "min": 77.25499999999982,
        "max": 88.55500000000035
      }
    }
  },
  "saturation": {
    "knee_rps": 2261.5,
    "knee_p95": 83.36500000000018
  }
}