{
  "version": "v1",
  "run_id": "20260307T085652Z_0743f96_throughput-http",
  "suite": "throughput-http",
  "target_id": "spacetime-native-rs",
  "group": "spacetimedb",
  "primary": {
    "rps": {
      "avg": 1508.116640761959,
      "peak": 1517.4005894035845
    },
    "latency": {
      "avg": 0.6624933563033677,
      "p90": 0.9577896503317562,
      "p95": 0.974195,
      "p99": 1.131888,
      "p999": 1.3623205
    },
    "cpu": {
      "avg": 5.175754193713268,
      "peak": 7.436829586823781
    },
    "err": 0.0
  },
  "spread": {
    "trials": 5,
    "aggregate": "median",
    "rps": {
      "min": 1433.709629826354,
      "max": 1517.4005894035845
    },
    "p95": {
      "min": 0.9524825,
      "max": 1.0349119999999998
    },
    "ci95": {
      "rps": {
        "min": 1433.709629826354,
        "max": 1517.4005894035845
      },
      "p95": {
        "min": 0.9524825,
        "max": 1.0349119999999998
      }
    }
  },
  "saturation": {
    "knee_rps": 1517.4005894035845,
    "knee_p95": 0.9764120000000001
  }
}