{
  "version": "v1",
  "run_id": "20260305T232707Z_749baad_throughput-http",
  "suite": "throughput-http",
  "target_id": "drizzle-rs-pg-tokio",
  "primary": {
    "rps": {
      "avg": 2075.0,
      "peak": 2075.0
    },
    "latency": {
      "avg": 75.48000000000002,
      "p90": 94.68639999999965,
      "p95": 102.91999999999962,
      "p99": 107.23000000000002,
      "p999": 112.23000000000002
    },
    "cpu": {
      "avg": 44.28499999999971,
      "peak": 63.98999999999978
    },
    "err": 0.005
  },
  "spread": {
    "trials": 1,
    "aggregate": "median",
    "rps": {
      "min": 2075.0,
      "max": 2075.0
    },
    "p95": {
      "min": 102.91999999999962,
      "max": 102.91999999999962
    }
  },
  "saturation": {
    "knee_rps": 2075.0,
    "knee_p95": 102.91999999999962
  }
}