{
  "version": "v1",
  "run_id": "20260306T100026Z_749baad_throughput-http",
  "suite": "throughput-http",
  "target_id": "drizzle-rs-pg-sync",
  "primary": {
    "rps": {
      "avg": 230.35700389979314,
      "peak": 230.35700389979314
    },
    "latency": {
      "avg": 4.339736028698313,
      "p90": 7.657113999999999,
      "p95": 8.322949999999999,
      "p99": 8.6781,
      "p999": 9.31965
    },
    "cpu": {
      "avg": 14.552673244476322,
      "peak": 25.328948974609375
    },
    "err": 0.0
  },
  "spread": {
    "trials": 1,
    "aggregate": "median",
    "rps": {
      "min": 230.35700389979314,
      "max": 230.35700389979314
    },
    "p95": {
      "min": 8.322949999999999,
      "max": 8.322949999999999
    }
  },
  "saturation": {
    "knee_rps": 230.35700389979314,
    "knee_p95": 8.322949999999999
  }
}