{
  "version": "v1",
  "run_id": "20260306T090354Z_749baad_throughput-http",
  "suite": "throughput-http",
  "target_id": "drizzle-rs-pg-tokio",
  "primary": {
    "rps": {
      "avg": 2316.5,
      "peak": 2430.0
    },
    "latency": {
      "avg": 61.04500000000007,
      "p90": 70.7940000000001,
      "p95": 76.9500000000001,
      "p99": 91.23000000000047,
      "p999": 98.73000000000047
    },
    "cpu": {
      "avg": 50.53093750000011,
      "peak": 61.48250000000027
    },
    "err": 0.0057
  },
  "spread": {
    "trials": 5,
    "aggregate": "median",
    "rps": {
      "min": 2148.0,
      "max": 2430.0
    },
    "p95": {
      "min": 73.42000000000075,
      "max": 97.50500000000042
    },
    "ci95": {
      "rps": {
        "min": 2148.0,
        "max": 2430.0
      },
      "p95": {
        "min": 73.42000000000075,
        "max": 97.50500000000042
      }
    }
  },
  "saturation": {
    "knee_rps": 2316.5,
    "knee_p95": 97.50500000000042
  }
}