{
  "version": "v1",
  "run_id": "20260306T020522Z_749baad_throughput-http",
  "suite": "throughput-http",
  "target_id": "drizzle-rs-pg-sync",
  "primary": {
    "rps": {
      "avg": 1951.0,
      "peak": 2356.0
    },
    "latency": {
      "avg": 41.79000000000002,
      "p90": 57.822000000000386,
      "p95": 62.85000000000042,
      "p99": 69.74000000000052,
      "p999": 74.74000000000052
    },
    "cpu": {
      "avg": 45.227499999999964,
      "peak": 64.5
    },
    "err": 0.005
  },
  "spread": {
    "trials": 5,
    "aggregate": "median",
    "rps": {
      "min": 1695.0,
      "max": 2356.0
    },
    "p95": {
      "min": 35.17000000000007,
      "max": 90.88999999999942
    },
    "ci95": {
      "rps": {
        "min": 1695.0,
        "max": 2356.0
      },
      "p95": {
        "min": 35.17000000000007,
        "max": 90.88999999999942
      }
    }
  },
  "saturation": {
    "knee_rps": 2356.0,
    "knee_p95": 90.88999999999942
  }
}