{
  "version": "v1",
  "run_id": "20260308T083543Z_0743f96_throughput-http",
  "suite": "throughput-http",
  "target_id": "drizzle-rs-sqlite",
  "group": "drizzle-rs",
  "primary": {
    "rps": {
      "avg": 472.39819749057364,
      "peak": 472.39819749057364
    },
    "latency": {
      "avg": 3483.5940625672047,
      "p90": 6404.650961187747,
      "p95": 6566.9319,
      "p99": 6784.3673,
      "p999": 6872.45265
    },
    "cpu": {
      "avg": 25.067189836969572,
      "peak": 69.02656269073486
    },
    "mem": {
      "avg": 583.44140625,
      "peak": 583.44140625
    },
    "err": 0.0
  },
  "spread": {
    "trials": 1,
    "aggregate": "median",
    "rps": {
      "min": 472.39819749057364,
      "max": 472.39819749057364
    },
    "p95": {
      "min": 6566.9319,
      "max": 6566.9319
    }
  },
  "saturation": {
    "knee_rps": 472.39819749057364,
    "knee_p95": 6566.9319
  }
}