{
  "version": "v1",
  "run_id": "20260306T101154Z_749baad_throughput-http",
  "suite": "throughput-http",
  "target_id": "drizzle-rs-pg-tokio",
  "primary": {
    "rps": {
      "avg": 247.54864721900162,
      "peak": 247.54864721900162
    },
    "latency": {
      "avg": 4.038082056451614,
      "p90": 7.304064,
      "p95": 7.9392000000000005,
      "p99": 8.23415,
      "p999": 8.595600000000001
    },
    "cpu": {
      "avg": 14.615425215827093,
      "peak": 25.338123162587483
    },
    "err": 0.0
  },
  "spread": {
    "trials": 1,
    "aggregate": "median",
    "rps": {
      "min": 247.54864721900162,
      "max": 247.54864721900162
    },
    "p95": {
      "min": 7.9392000000000005,
      "max": 7.9392000000000005
    }
  },
  "saturation": {
    "knee_rps": 247.54864721900162,
    "knee_p95": 7.9392000000000005
  }
}