{
  "version": "v1",
  "run_id": "20260307T042220Z_0743f96_throughput-http",
  "suite": "throughput-http",
  "target_id": "drizzle-rs-pg-sync",
  "group": "drizzle-rs",
  "primary": {
    "rps": {
      "avg": 215.1047688705243,
      "peak": 216.43629406559648
    },
    "latency": {
      "avg": 4.646976569530578,
      "p90": 8.335734029975294,
      "p95": 8.540665,
      "p99": 9.185395,
      "p999": 9.8261345
    },
    "cpu": {
      "avg": 8.406803664979007,
      "peak": 11.659321318070093
    },
    "err": 0.0
  },
  "spread": {
    "trials": 5,
    "aggregate": "median",
    "rps": {
      "min": 208.77417759737108,
      "max": 216.43629406559648
    },
    "p95": {
      "min": 8.373113,
      "max": 8.678179
    },
    "ci95": {
      "rps": {
        "min": 208.77417759737108,
        "max": 216.43629406559648
      },
      "p95": {
        "min": 8.373113,
        "max": 8.678179
      }
    }
  },
  "saturation": {
    "knee_rps": 216.43629406559648,
    "knee_p95": 8.373113
  }
}