{
  "version": "v1",
  "run_id": "20260306T095109Z_749baad_throughput-http",
  "suite": "throughput-http",
  "target_id": "drizzle-rs-pg-tokio",
  "primary": {
    "rps": {
      "avg": 244.7810420729826,
      "peak": 244.7810420729826
    },
    "latency": {
      "avg": 4.0839879591836725,
      "p90": 7.376836,
      "p95": 8.0183,
      "p99": 8.32945,
      "p999": 8.803650000000001
    },
    "cpu": {
      "avg": 14.494710816277399,
      "peak": 18.314854780832928
    },
    "err": 0.0
  },
  "spread": {
    "trials": 1,
    "aggregate": "median",
    "rps": {
      "min": 244.7810420729826,
      "max": 244.7810420729826
    },
    "p95": {
      "min": 8.0183,
      "max": 8.0183
    }
  },
  "saturation": {
    "knee_rps": 244.7810420729826,
    "knee_p95": 8.0183
  }
}