{
  "version": "v1",
  "run_id": "20260306T095953Z_749baad_throughput-http",
  "suite": "throughput-http",
  "target_id": "drizzle-rs-sqlite",
  "primary": {
    "rps": {
      "avg": 540.6594097199188,
      "peak": 540.6594097199188
    },
    "latency": {
      "avg": 1.8487344537943846,
      "p90": 4.2318620000000005,
      "p95": 4.59985,
      "p99": 4.7939,
      "p999": 4.998050000000001
    },
    "cpu": {
      "avg": 15.827508778042265,
      "peak": 47.16423145929972
    },
    "err": 0.0
  },
  "spread": {
    "trials": 1,
    "aggregate": "median",
    "rps": {
      "min": 540.6594097199188,
      "max": 540.6594097199188
    },
    "p95": {
      "min": 4.59985,
      "max": 4.59985
    }
  },
  "saturation": {
    "knee_rps": 540.6594097199188,
    "knee_p95": 4.59985
  }
}