{
  "version": "v1",
  "run_id": "20260306T100026Z_749baad_throughput-http",
  "suite": "throughput-http",
  "target_id": "drizzle-rs-pg-tokio",
  "primary": {
    "rps": {
      "avg": 249.06485609707448,
      "peak": 249.06485609707448
    },
    "latency": {
      "avg": 4.013803881124498,
      "p90": 7.318646,
      "p95": 7.95505,
      "p99": 8.4007,
      "p999": 9.152899999999999
    },
    "cpu": {
      "avg": 15.676042848163181,
      "peak": 24.4869966506958
    },
    "err": 0.0
  },
  "spread": {
    "trials": 1,
    "aggregate": "median",
    "rps": {
      "min": 249.06485609707448,
      "max": 249.06485609707448
    },
    "p95": {
      "min": 7.95505,
      "max": 7.95505
    }
  },
  "saturation": {
    "knee_rps": 249.06485609707448,
    "knee_p95": 7.95505
  }
}