{
  "version": "v1",
  "run_id": "20260307T085652Z_0743f96_throughput-http",
  "suite": "throughput-http",
  "target_id": "spacetime-native-ts",
  "group": "spacetimedb",
  "primary": {
    "rps": {
      "avg": 3068.0690985872284,
      "peak": 3170.185689393347
    },
    "latency": {
      "avg": 0.3254247146308075,
      "p90": 0.4211508797174109,
      "p95": 0.426469,
      "p99": 1.0020069999999999,
      "p999": 1.9094025000000001
    },
    "cpu": {
      "avg": 5.791901244305902,
      "peak": 7.9953348984320955
    },
    "err": 0.0
  },
  "spread": {
    "trials": 5,
    "aggregate": "median",
    "rps": {
      "min": 2926.5427526777844,
      "max": 3170.185689393347
    },
    "p95": {
      "min": 0.4059755,
      "max": 0.45074699999999995
    },
    "ci95": {
      "rps": {
        "min": 2926.5427526777844,
        "max": 3170.185689393347
      },
      "p95": {
        "min": 0.4059755,
        "max": 0.45074699999999995
      }
    }
  },
  "saturation": {
    "knee_rps": 3170.185689393347,
    "knee_p95": 0.4059755
  }
}